event_id,horizon,method,n_samples,n_positive,n_predicted_positive,precision,recall,f1,roc_auc,pr_auc,brier,tp,tn,fp,fn,threshold_used,evaluation_type,disclaimer
EVT_2021_NOV_DEPRESSION,1,ml,2736,6,6,1.0,1.0,1.0,1.0,1.0,0.0,6,2730,0,0,0.5,prototype_backtest,Prototype backtest evaluation against calibrated proxy development labels. Not verified against physical water-level sensor telemetry. Comparative behavior reflects prototype response under 2 historical events.
EVT_2021_NOV_DEPRESSION,1,heuristic,2736,6,0,,0.0,0.0,0.9978,0.5167,0.0834,0,2730,0,6,0.5,prototype_backtest,Prototype backtest evaluation against calibrated proxy development labels. Not verified against physical water-level sensor telemetry. Comparative behavior reflects prototype response under 2 historical events.
EVT_2021_NOV_DEPRESSION,1,rainfall_threshold,2736,6,0,,0.0,0.0,0.9709,0.0405,0.005,0,2730,0,6,35.0,prototype_backtest,Prototype backtest evaluation against calibrated proxy development labels. Not verified against physical water-level sensor telemetry. Comparative behavior reflects prototype response under 2 historical events.
EVT_2021_NOV_DEPRESSION,3,ml,2736,24,24,1.0,1.0,1.0,1.0,1.0,0.0002,24,2712,0,0,0.5,prototype_backtest,Prototype backtest evaluation against calibrated proxy development labels. Not verified against physical water-level sensor telemetry. Comparative behavior reflects prototype response under 2 historical events.
EVT_2021_NOV_DEPRESSION,3,heuristic,2736,24,0,,0.0,0.0,0.9864,0.3831,0.0928,0,2712,0,24,0.5,prototype_backtest,Prototype backtest evaluation against calibrated proxy development labels. Not verified against physical water-level sensor telemetry. Comparative behavior reflects prototype response under 2 historical events.
EVT_2021_NOV_DEPRESSION,3,rainfall_threshold,2736,24,0,,0.0,0.0,0.9218,0.0614,0.015,0,2712,0,24,55.0,prototype_backtest,Prototype backtest evaluation against calibrated proxy development labels. Not verified against physical water-level sensor telemetry. Comparative behavior reflects prototype response under 2 historical events.
EVT_2021_NOV_DEPRESSION,6,ml,2736,44,44,1.0,1.0,1.0,1.0,1.0,0.0002,44,2692,0,0,0.5,prototype_backtest,Prototype backtest evaluation against calibrated proxy development labels. Not verified against physical water-level sensor telemetry. Comparative behavior reflects prototype response under 2 historical events.
EVT_2021_NOV_DEPRESSION,6,heuristic,2736,44,0,,0.0,0.0,0.9723,0.3043,0.1,0,2692,0,44,0.5,prototype_backtest,Prototype backtest evaluation against calibrated proxy development labels. Not verified against physical water-level sensor telemetry. Comparative behavior reflects prototype response under 2 historical events.
EVT_2021_NOV_DEPRESSION,6,rainfall_threshold,2736,44,0,,0.0,0.0,0.8888,0.0842,0.0252,0,2692,0,44,80.0,prototype_backtest,Prototype backtest evaluation against calibrated proxy development labels. Not verified against physical water-level sensor telemetry. Comparative behavior reflects prototype response under 2 historical events.
EVT_2023_MICHAUNG,1,ml,2736,276,275,1.0,0.9964,0.9982,0.9999,0.9994,0.0013,275,2460,0,1,0.5,prototype_backtest,Prototype backtest evaluation against calibrated proxy development labels. Not verified against physical water-level sensor telemetry. Comparative behavior reflects prototype response under 2 historical events.
EVT_2023_MICHAUNG,1,heuristic,2736,276,196,1.0,0.7101,0.8305,0.9964,0.975,0.1071,196,2460,0,80,0.5,prototype_backtest,Prototype backtest evaluation against calibrated proxy development labels. Not verified against physical water-level sensor telemetry. Comparative behavior reflects prototype response under 2 historical events.
EVT_2023_MICHAUNG,1,rainfall_threshold,2736,276,0,,0.0,0.0,0.9704,0.718,0.0479,0,2460,0,276,35.0,prototype_backtest,Prototype backtest evaluation against calibrated proxy development labels. Not verified against physical water-level sensor telemetry. Comparative behavior reflects prototype response under 2 historical events.
EVT_2023_MICHAUNG,3,ml,2736,593,594,0.9899,0.9916,0.9907,0.9999,0.9996,0.0032,588,2137,6,5,0.5,prototype_backtest,Prototype backtest evaluation against calibrated proxy development labels. Not verified against physical water-level sensor telemetry. Comparative behavior reflects prototype response under 2 historical events.
EVT_2023_MICHAUNG,3,heuristic,2736,593,499,0.998,0.8398,0.9121,0.9969,0.9903,0.114,498,2142,1,95,0.5,prototype_backtest,Prototype backtest evaluation against calibrated proxy development labels. Not verified against physical water-level sensor telemetry. Comparative behavior reflects prototype response under 2 historical events.
EVT_2023_MICHAUNG,3,rainfall_threshold,2736,593,76,0.9868,0.1265,0.2243,0.9751,0.9007,0.059,75,2142,1,518,55.0,prototype_backtest,Prototype backtest evaluation against calibrated proxy development labels. Not verified against physical water-level sensor telemetry. Comparative behavior reflects prototype response under 2 historical events.
EVT_2023_MICHAUNG,6,ml,2736,758,754,1.0,0.9947,0.9973,0.9999,0.9998,0.0022,754,1978,0,4,0.5,prototype_backtest,Prototype backtest evaluation against calibrated proxy development labels. Not verified against physical water-level sensor telemetry. Comparative behavior reflects prototype response under 2 historical events.
EVT_2023_MICHAUNG,6,heuristic,2736,758,683,1.0,0.9011,0.948,0.9973,0.9938,0.1107,683,1978,0,75,0.5,prototype_backtest,Prototype backtest evaluation against calibrated proxy development labels. Not verified against physical water-level sensor telemetry. Comparative behavior reflects prototype response under 2 historical events.
EVT_2023_MICHAUNG,6,rainfall_threshold,2736,758,266,0.985,0.3456,0.5117,0.9819,0.9502,0.049,262,1974,4,496,80.0,prototype_backtest,Prototype backtest evaluation against calibrated proxy development labels. Not verified against physical water-level sensor telemetry. Comparative behavior reflects prototype response under 2 historical events.
ALL_EVENTS_COMBINED,1,ml,5472,282,281,1.0,0.9965,0.9982,1.0,0.9994,0.0007,281,5190,0,1,0.5,prototype_backtest,Prototype backtest evaluation against calibrated proxy development labels. Not verified against physical water-level sensor telemetry. Comparative behavior reflects prototype response under 2 historical events.
ALL_EVENTS_COMBINED,1,heuristic,5472,282,196,1.0,0.695,0.8201,0.9977,0.9685,0.0953,196,5190,0,86,0.5,prototype_backtest,Prototype backtest evaluation against calibrated proxy development labels. Not verified against physical water-level sensor telemetry. Comparative behavior reflects prototype response under 2 historical events.
ALL_EVENTS_COMBINED,1,rainfall_threshold,5472,282,0,,0.0,0.0,0.9838,0.7093,0.0264,0,5190,0,282,35.0,prototype_backtest,Prototype backtest evaluation against calibrated proxy development labels. Not verified against physical water-level sensor telemetry. Comparative behavior reflects prototype response under 2 historical events.
ALL_EVENTS_COMBINED,3,ml,5472,617,618,0.9903,0.9919,0.9911,0.9999,0.9996,0.0017,612,4849,6,5,0.5,prototype_backtest,Prototype backtest evaluation against calibrated proxy development labels. Not verified against physical water-level sensor telemetry. Comparative behavior reflects prototype response under 2 historical events.
ALL_EVENTS_COMBINED,3,heuristic,5472,617,499,0.998,0.8071,0.8925,0.9971,0.9813,0.1034,498,4854,1,119,0.5,prototype_backtest,Prototype backtest evaluation against calibrated proxy development labels. Not verified against physical water-level sensor telemetry. Comparative behavior reflects prototype response under 2 historical events.
ALL_EVENTS_COMBINED,3,rainfall_threshold,5472,617,76,0.9868,0.1216,0.2165,0.9829,0.8825,0.037,75,4854,1,542,55.0,prototype_backtest,Prototype backtest evaluation against calibrated proxy development labels. Not verified against physical water-level sensor telemetry. Comparative behavior reflects prototype response under 2 historical events.
ALL_EVENTS_COMBINED,6,ml,5472,802,798,1.0,0.995,0.9975,1.0,0.9998,0.0012,798,4670,0,4,0.5,prototype_backtest,Prototype backtest evaluation against calibrated proxy development labels. Not verified against physical water-level sensor telemetry. Comparative behavior reflects prototype response under 2 historical events.
ALL_EVENTS_COMBINED,6,heuristic,5472,802,683,1.0,0.8516,0.9199,0.996,0.9818,0.1053,683,4670,0,119,0.5,prototype_backtest,Prototype backtest evaluation against calibrated proxy development labels. Not verified against physical water-level sensor telemetry. Comparative behavior reflects prototype response under 2 historical events.
ALL_EVENTS_COMBINED,6,rainfall_threshold,5472,802,266,0.985,0.3267,0.4907,0.9814,0.9241,0.0371,262,4666,4,540,80.0,prototype_backtest,Prototype backtest evaluation against calibrated proxy development labels. Not verified against physical water-level sensor telemetry. Comparative behavior reflects prototype response under 2 historical events.
