hotspot_id,name,city,state,zone,ward,latitude,longitude,elevation_m,hotspot_type,severity_tier,typical_trigger_rain_1h_mm,typical_trigger_rain_6h_mm,historical_inundation_depth_m,primary_vulnerability_cause,source_reference,cell_id,is_real_sourced
HS01,Velachery Vijayanagar Junction,Chennai,Tamil Nadu,Zone 13 (Adyar),178,12.9815,80.218,7.5,marshland_basin_depression,Severe,25.0,60.0,1.8,Low-lying basin surrounded by urban development; runoff bottleneck into Pallikaranai marshland with flat discharge gradient.,Greater Chennai Corporation (GCC) Chronic Waterlogging Hotspots Registry / TNSDMA,CELL_VEL_01,True
HS02,Madipakkam (Ram Nagar / Kuberan Nagar),Chennai,Tamil Nadu,Zone 14 (Perungudi),188,12.9647,80.1961,6.8,marsh_fringe_depression,Severe,20.0,50.0,2.0,Reclaimed agricultural/lake bed adjacent to Pallikaranai wetland; lacks natural gravitational storm runoff outfall.,GCC Flood Mitigation Master Plan / CMWSSB Basin Studies,CELL_MAD_01,True
HS03,Mudichur (Varadharajapuram / Mudichur Road),Chennai,Tamil Nadu,Tambaram Corporation (Metropolitan South),42,12.915,80.0638,12.2,river_floodplain_meander,Severe,30.0,70.0,2.5,Direct floodplain of Adyar river tributary and surplus overflow channels from Chembarambakkam catchment basin.,State Disaster Management Authority (TNSDMA) & CWC Adyar Basin Reports,CELL_MUD_01,True
HS04,T. Nagar (Usman Road / Bazullah Road / GN Chetty),Chennai,Tamil Nadu,Zone 10 (Kodambakkam),136,13.0418,80.2341,10.5,dense_urban_canal_overflow,High,22.0,55.0,1.2,Extremely high surface imperviousness (near 90%); micro-drain overflow into silted Mambalam Canal causing reverse urban backflow.,Chennai Smart City Mission / GCC Stormwater Audit,CELL_TNG_01,True
HS05,Pulianthope (Dr. Ambedkar College Road / Demellows Road),Chennai,Tamil Nadu,Zone 6 (Thiru Vi Ka Nagar),72,13.0945,80.266,5.8,low_lying_canal_basin,Severe,18.0,45.0,1.5,North Chennai low-elevation bowl adjacent to Buckingham Canal; historical stagnation zone affected by high tide backflow.,GCC North Chennai Flood Audits & Health Dept Vector Control Records,CELL_PUL_01,True
HS06,Vyasarpadi (Ganesapuram Subway / Jeeva Railway Station),Chennai,Tamil Nadu,Zone 4 (Tondiarpet),47,13.1112,80.2625,4.2,railway_subway_depression,Severe,15.0,35.0,2.8,Sub-grade depression subway receiving stormwater from surrounding road networks; pump failure rapidly submerges subway.,Greater Chennai Traffic Police Advisory Records & GCC Subway Pump Station Logs,CELL_VYA_01,True
HS07,Perambur (Stephenson Road Subway / Otteri Nullah),Chennai,Tamil Nadu,Zone 6 (Thiru Vi Ka Nagar),74,13.107,80.245,6.2,canal_corridor_underpass,High,20.0,50.0,1.7,Otteri Nullah canal banks overflow into adjacent low-lying roads and railway underpasses.,GCC Monsoon Action Plan / PWD Water Resources Department Records,CELL_PRM_01,True
HS08,Koyambedu (SAF Games Village / Wholesale Market / PH Road),Chennai,Tamil Nadu,Zone 8 (Anna Nagar),107,13.0694,80.1948,11.0,river_meander_commercial_junction,High,25.0,60.0,1.3,Cooum River high water levels prevent storm drain discharge; massive surface runoff from market and bus terminal pavement.,Chennai Metropolitan Development Authority (CMDA) / GCC Zone 8 Logs,CELL_KYM_01,True
HS09,Manapakkam (MIOT Hospital / Mount-Poonamallee Road),Chennai,Tamil Nadu,Zone 12 (Alandur),157,13.018,80.1802,9.4,river_floodplain_hospital_zone,Severe,28.0,65.0,2.2,Major sharp bend and narrowing in the Adyar River corridor; river water breaches embankments into hospitals and arterial roads.,TNSDMA Disaster Review 2015 & 2023 / CWC Flood Gauging Station Manapakkam,CELL_MNP_01,True
HS10,Pallikaranai (Kamakshi Hospital / Velachery-Tambaram Road),Chennai,Tamil Nadu,Zone 14 (Perungudi),189,12.9382,80.2085,6.0,wetland_corridor_chokepoint,Severe,22.0,55.0,1.9,Central drainage sink for South Chennai; culvert capacity along 200 Feet Radial Road is insufficient during extreme monsoon discharge.,"Dept of Environment, Climate Change & Forests (TN) / Pallikaranai Conservation Authority",CELL_PLK_01,True
