cell_id,vulnerability_score,risk_level,elevation,slope,flow_accumulation,imperviousness,norm_elevation,norm_slope,norm_flow_accumulation,norm_imperviousness,contrib_elevation,contrib_flow_accumulation,contrib_imperviousness,contrib_slope,is_synthetic
CELL_RAJ_01,0.9044,high,48.8,0.2,125000.0,0.9,0.9565,1.0,0.8784,0.8,0.3348,0.2196,0.2,0.15,True
CELL_RAJ_02,0.81,high,49.1,0.3,98000.0,0.88,0.8913,0.8889,0.7586,0.7,0.312,0.1897,0.175,0.1333,True
CELL_RAJ_03,0.9289,high,48.6,0.2,110000.0,0.92,1.0,1.0,0.8155,0.9,0.35,0.2039,0.225,0.15,True
CELL_RAJ_04,0.7396,high,49.3,0.3,85000.0,0.85,0.8478,0.8889,0.6885,0.55,0.2967,0.1721,0.1375,0.1333,True
CELL_KAN_01,0.8513,high,49.2,0.2,115000.0,0.89,0.8696,1.0,0.8374,0.75,0.3044,0.2094,0.1875,0.15,True
CELL_KAN_02,0.7668,high,49.4,0.3,92000.0,0.87,0.8261,0.8889,0.7275,0.65,0.2891,0.1819,0.1625,0.1333,True
CELL_KAN_03,0.8177,high,49.0,0.2,105000.0,0.86,0.913,1.0,0.7926,0.6,0.3196,0.1981,0.15,0.15,True
CELL_KAN_04,0.7162,high,49.5,0.3,88000.0,0.84,0.8043,0.8889,0.7056,0.5,0.2815,0.1764,0.125,0.1333,True
CELL_SAI_01,0.8069,high,49.5,0.2,145000.0,0.85,0.8043,1.0,0.9515,0.55,0.2815,0.2379,0.1375,0.15,True
CELL_SAI_02,0.7967,high,49.3,0.2,160000.0,0.82,0.8478,1.0,1.0,0.4,0.2967,0.25,0.1,0.15,True
CELL_SAI_03,0.7566,high,49.8,0.3,120000.0,0.86,0.7391,0.8889,0.8583,0.6,0.2587,0.2146,0.15,0.1333,True
CELL_SAI_04,0.6768,medium,49.6,0.3,102000.0,0.8,0.7826,0.8889,0.7783,0.3,0.2739,0.1946,0.075,0.1333,True
CELL_BOR_01,0.5969,medium,51.2,0.5,68000.0,0.9,0.4348,0.6667,0.5786,0.8,0.1522,0.1447,0.2,0.1,True
CELL_BOR_02,0.5493,medium,51.5,0.6,52000.0,0.92,0.3696,0.5556,0.4465,0.9,0.1294,0.1116,0.225,0.0833,True
CELL_BOR_03,0.6234,medium,50.9,0.4,75000.0,0.88,0.5,0.7778,0.6269,0.7,0.175,0.1567,0.175,0.1167,True
CELL_BOR_04,0.5467,medium,51.0,0.5,60000.0,0.86,0.4783,0.6667,0.517,0.6,0.1674,0.1293,0.15,0.1,True
CELL_BAI_01,0.3902,low,52.4,0.7,58000.0,0.85,0.1739,0.4444,0.5003,0.55,0.0609,0.1251,0.1375,0.0667,True
CELL_BAI_02,0.4003,medium,52.1,0.6,62000.0,0.82,0.2391,0.5556,0.5331,0.4,0.0837,0.1333,0.1,0.0833,True
CELL_BAI_03,0.535,medium,51.8,0.5,66000.0,0.89,0.3043,0.6667,0.5639,0.75,0.1065,0.141,0.1875,0.1,True
CELL_BAI_04,0.4159,medium,52.0,0.6,54000.0,0.84,0.2609,0.5556,0.4651,0.5,0.0913,0.1163,0.125,0.0833,True
CELL_GAN_01,0.6795,medium,50.8,0.4,82000.0,0.91,0.5217,0.7778,0.6708,0.85,0.1826,0.1677,0.2125,0.1167,True
CELL_GAN_02,0.754,high,50.5,0.3,89000.0,0.93,0.587,0.8889,0.7112,0.95,0.2054,0.1778,0.2375,0.1333,True
CELL_GAN_03,0.7352,high,50.6,0.4,84000.0,0.94,0.5652,0.7778,0.6827,1.0,0.1978,0.1707,0.25,0.1167,True
CELL_GAN_04,0.7671,high,50.2,0.3,91000.0,0.92,0.6522,0.8889,0.7221,0.9,0.2283,0.1805,0.225,0.1333,True
CELL_PAT_01,0.4645,medium,51.5,0.6,48000.0,0.86,0.3696,0.5556,0.4071,0.6,0.1294,0.1018,0.15,0.0833,True
CELL_PAT_02,0.3244,low,52.0,0.7,36000.0,0.82,0.2609,0.4444,0.2654,0.4,0.0913,0.0664,0.1,0.0667,True
CELL_PAT_03,0.4957,medium,51.2,0.5,55000.0,0.84,0.4348,0.6667,0.4741,0.5,0.1522,0.1185,0.125,0.1,True
CELL_PAT_04,0.253,low,52.2,0.8,32000.0,0.8,0.2174,0.3333,0.2074,0.3,0.0761,0.0519,0.075,0.05,True
CELL_ANI_01,0.6359,medium,50.1,0.4,76000.0,0.84,0.6739,0.7778,0.6334,0.5,0.2359,0.1583,0.125,0.1167,True
CELL_ANI_02,0.5577,medium,50.4,0.5,68000.0,0.82,0.6087,0.6667,0.5786,0.4,0.213,0.1447,0.1,0.1,True
CELL_ANI_03,0.6391,medium,49.8,0.3,85000.0,0.8,0.7391,0.8889,0.6885,0.3,0.2587,0.1721,0.075,0.1333,True
CELL_DIG_01,0.1241,low,52.8,0.9,28000.0,0.76,0.087,0.2222,0.1417,0.1,0.0304,0.0354,0.025,0.0333,True
CELL_DIG_02,0.0,low,53.2,1.1,21000.0,0.74,0.0,0.0,0.0,0.0,0.0,0.0,0.0,0.0,True
CELL_DIG_03,0.2012,low,52.5,0.8,31000.0,0.78,0.1522,0.3333,0.1918,0.2,0.0533,0.0479,0.05,0.05,True
CELL_BAZ_01,0.9139,high,49.0,0.2,138000.0,0.91,0.913,1.0,0.9272,0.85,0.3196,0.2318,0.2125,0.15,True
CELL_BAZ_02,0.9144,high,49.2,0.2,128000.0,0.93,0.8696,1.0,0.8901,0.95,0.3044,0.2225,0.2375,0.15,True
CELL_BAZ_03,0.7807,high,49.7,0.3,112000.0,0.88,0.7609,0.8889,0.8244,0.7,0.2663,0.2061,0.175,0.1333,True
CELL_BAZ_04,0.85,high,48.9,0.2,142000.0,0.85,0.9348,1.0,0.9412,0.55,0.3272,0.2353,0.1375,0.15,True
